{
    "NJets=0": {
        "HT=0": 1.0,
        "HT=0to70": 0,
        "HT=70to100": 0,
        "HT=100to200": 0,
        "HT=200to400": 0,
        "HT=400to600": 0,
        "HT=600to800": 0,
        "HT=800to1200": 0,
        "HT=1200to2500": 0,
        "HT=2500toInf": 0
    },
    "NJets=1": {
        "HT=0": 0,
        "HT=0to70": 0.22760975998479457,
        "HT=70to100": 0.026304934324080882,
        "HT=100to200": 0.032295643314171174,
        "HT=200to400": 0.007820070942520164,
        "HT=400to600": 0.005046931748502429,
        "HT=600to800": 0.0016616407163517755,
        "HT=800to1200": 0.0012867942737654818,
        "HT=1200to2500": 0,
        "HT=2500toInf": 0
    },
    "NJets=2": {
        "HT=0": 0,
        "HT=0to70": 0.1363104304148371,
        "HT=70to100": 0.02387410067481817,
        "HT=100to200": 0.029030699819395687,
        "HT=200to400": 0.008184757422966317,
        "HT=400to600": 0.008275111323004864,
        "HT=600to800": 0.0019245975502409478,
        "HT=800to1200": 0.0009010293774470402,
        "HT=1200to2500": 0.0002610299018083263,
        "HT=2500toInf": 5.4355211305883954e-05
    },
    "NJets=3": {
        "HT=0": 0,
        "HT=0to70": 0.0649885499846876,
        "HT=70to100": 0.020398333442240717,
        "HT=100to200": 0.023980735610027157,
        "HT=200to400": 0.007919162708262052,
        "HT=400to600": 0.008209729948231274,
        "HT=600to800": 0.0021265733797536154,
        "HT=800to1200": 0.0010274497776414661,
        "HT=1200to2500": 0.0002473868582813223,
        "HT=2500toInf": 2.593473092716663e-05
    },
    "NJets=4": {
        "HT=0": 0,
        "HT=0to70": 0.06437167646235656,
        "HT=70to100": 0.018514915812927406,
        "HT=100to200": 0.02311330121160795,
        "HT=200to400": 0.007744727507511555,
        "HT=400to600": 0.008020881733028963,
        "HT=600to800": 0.0019989989886443297,
        "HT=800to1200": 0.0009393016518681443,
        "HT=1200to2500": 0.00023152624309392261,
        "HT=2500toInf": 1.4905826019198705e-05
    }
}