{
    "NJets=0": {
        "PtZ=0": 0.6020241726903117,
        "PtZ=0to50": 0.20181040727542343,
        "PtZ=50to100": 0.12723612832789347,
        "PtZ=100to250": 0.05872756933115824,
        "PtZ=250to400": 0.005309734513274336,
        "PtZ=400to650": 0.023255813953488372,
        "PtZ=650toInf": 0.0
    },
    "NJets=1": {
        "PtZ=0": 0.0,
        "PtZ=0to50": 0.1542647148342637,
        "PtZ=50to100": 0.10621252695485994,
        "PtZ=100to250": 0.05154086609393804,
        "PtZ=250to400": 0.007470115092724796,
        "PtZ=400to650": 0.005896204599092444,
        "PtZ=650toInf": 0.0006152868352282139
    },
    "NJets=2": {
        "PtZ=0": 0.0,
        "PtZ=0to50": 0.16309589372902775,
        "PtZ=50to100": 0.11164674377667613,
        "PtZ=100to250": 0.054416485111969184,
        "PtZ=250to400": 0.007903525434754954,
        "PtZ=400to650": 0.006443990439106694,
        "PtZ=650toInf": 0.0005507948178383997
    }
}