{
    "NJets=0": {
        "HT=0": 1.0,
        "HT=0to70": 0,
        "HT=70to100": 0,
        "HT=100to200": 0,
        "HT=200to400": 0,
        "HT=400to600": 0,
        "HT=600to800": 0,
        "HT=800to1200": 0,
        "HT=1200to2500": 0,
        "HT=2500toInf": 0
    },
    "NJets=1": {
        "HT=0": 0,
        "HT=0to70": 0.22372264513523907,
        "HT=70to100": 0.035572204300401505,
        "HT=100to200": 0.03341105484139933,
        "HT=200to400": 0.010009721736532891,
        "HT=400to600": 0.008123143055818951,
        "HT=600to800": 0.0016943409013893595,
        "HT=800to1200": 0.001380897583429229,
        "HT=1200to2500": 0.0010869565217391304,
        "HT=2500toInf": 0
    },
    "NJets=2": {
        "HT=0": 0,
        "HT=0to70": 0.13335176929341255,
        "HT=70to100": 0.031490231999586386,
        "HT=100to200": 0.02971266736011798,
        "HT=200to400": 0.01050385146934359,
        "HT=400to600": 0.010601331800204698,
        "HT=600to800": 0.002461939072926068,
        "HT=800to1200": 0.0012709309337167773,
        "HT=1200to2500": 0.0002656238471187191,
        "HT=2500toInf": 0.00019175455417066154
    },
    "NJets=3": {
        "HT=0": 0,
        "HT=0to70": 0.06351103053299867,
        "HT=70to100": 0.025391814621718904,
        "HT=100to200": 0.024406280065626756,
        "HT=200to400": 0.00990596711790536,
        "HT=400to600": 0.010262837547449591,
        "HT=600to800": 0.0027792380792427958,
        "HT=800to1200": 0.0013521831703649887,
        "HT=1200to2500": 0.00027050652346518857,
        "HT=2500toInf": 1.5210744870176293e-05
    },
    "NJets=4": {
        "HT=0": 0,
        "HT=0to70": 0.05678065409609034,
        "HT=70to100": 0.022457317061759494,
        "HT=100to200": 0.02281367588873251,
        "HT=200to400": 0.009663174094378073,
        "HT=400to600": 0.009911843779816092,
        "HT=600to800": 0.0027199850425940965,
        "HT=800to1200": 0.0012864884479636305,
        "HT=1200to2500": 0.0002703240166678501,
        "HT=2500toInf": 2.4556482638566774e-05
    }
}