{
    "NJets=0": {
        "PtZ=0": 0.6244605324993681,
        "PtZ=0to50": 0.20407745013133244,
        "PtZ=50to100": 0.12733065172299193,
        "PtZ=100to250": 0.05357142857142857,
        "PtZ=250to400": 0.005703422053231939,
        "PtZ=400to650": 0,
        "PtZ=650toInf": 0
    },
    "NJets=1": {
        "PtZ=0": 0,
        "PtZ=0to50": 0.15847734262292995,
        "PtZ=50to100": 0.10811538616339546,
        "PtZ=100to250": 0.051395921284294745,
        "PtZ=250to400": 0.007394795317266683,
        "PtZ=400to650": 0.005931182773467584,
        "PtZ=650toInf": 0.0005967794141446836
    },
    "NJets=2": {
        "PtZ=0": 0,
        "PtZ=0to50": 0.16022636197135715,
        "PtZ=50to100": 0.11019840446496947,
        "PtZ=100to250": 0.05323664695675357,
        "PtZ=250to400": 0.007758773738918944,
        "PtZ=400to650": 0.006279088499077223,
        "PtZ=650toInf": 0.0006128328197091054
    }
}