{
    "NJets=0": {
        "HT=0": 1.0,
        "HT=0to70": 0,
        "HT=70to100": 0,
        "HT=100to200": 0,
        "HT=200to400": 0,
        "HT=400to600": 0,
        "HT=600to800": 0,
        "HT=800to1200": 0,
        "HT=1200to2500": 0,
        "HT=2500toInf": 0
    },
    "NJets=1": {
        "HT=0": 0,
        "HT=0to70": 0.20978411382339798,
        "HT=70to100": 0.0702013950660017,
        "HT=100to200": 0.05827892404049804,
        "HT=200to400": 0.020942837877584337,
        "HT=400to600": 0.014577647607002595,
        "HT=600to800": 0.004225352112676056,
        "HT=800to1200": 0.0029644268774703555,
        "HT=1200to2500": 0,
        "HT=2500toInf": 0
    },
    "NJets=2": {
        "HT=0": 0,
        "HT=0to70": 0.12704032031510565,
        "HT=70to100": 0.05681582876751405,
        "HT=100to200": 0.04872090010300346,
        "HT=200to400": 0.021277627502044774,
        "HT=400to600": 0.020392085346949942,
        "HT=600to800": 0.0055964674005773915,
        "HT=800to1200": 0.0027047768793051815,
        "HT=1200to2500": 0.00042472223166049405,
        "HT=2500toInf": 7.088176920895947e-05
    },
    "NJets=3": {
        "HT=0": 0,
        "HT=0to70": 0.06534083731271634,
        "HT=70to100": 0.04020451139438899,
        "HT=100to200": 0.03619387949201836,
        "HT=200to400": 0.018927354381270665,
        "HT=400to600": 0.018494826771991584,
        "HT=600to800": 0.005769455063824273,
        "HT=800to1200": 0.002409929715977364,
        "HT=1200to2500": 0.0006494364845370897,
        "HT=2500toInf": 4.494584026248371e-05
    },
    "NJets=4": {
        "HT=0": 0,
        "HT=0to70": 0.10513993827817389,
        "HT=70to100": 0.049104042834744704,
        "HT=100to200": 0.04528146105572557,
        "HT=200to400": 0.02098214085499031,
        "HT=400to600": 0.020444189568498593,
        "HT=600to800": 0.0059215540058836546,
        "HT=800to1200": 0.0024026696946127793,
        "HT=1200to2500": 0.0006035727715998472,
        "HT=2500toInf": 3.065620268281759e-05
    }
}