{
    "NJets=0": {
        "PtZ=0": 0.4312277626926398,
        "PtZ=0to50": 0.16777485402692421,
        "PtZ=50to100": 0.11008755730332197,
        "PtZ=100to250": 0.040135844396418645,
        "PtZ=250to400": 0.010948905109489052,
        "PtZ=400to650": 0,
        "PtZ=650toInf": 0
    },
    "NJets=1": {
        "PtZ=0": 0,
        "PtZ=0to50": 0.10888561874041394,
        "PtZ=50to100": 0.08190911139642586,
        "PtZ=100to250": 0.04322459255949501,
        "PtZ=250to400": 0.006824060612762881,
        "PtZ=400to650": 0.00553510311653748,
        "PtZ=650toInf": 0.000486815415821501
    },
    "NJets=2": {
        "PtZ=0": 0,
        "PtZ=0to50": 0.11828914003124782,
        "PtZ=50to100": 0.08808545250479453,
        "PtZ=100to250": 0.045917269017726504,
        "PtZ=250to400": 0.007293801423250674,
        "PtZ=400to650": 0.00591430125221592,
        "PtZ=650toInf": 0.0005172487928753721
    }
}