{
    "NJets=0": {
        "PtZ=0": 0.39118521525371636,
        "PtZ=0to50": 0.14268108069756527,
        "PtZ=50to100": 0.09391807099318752,
        "PtZ=100to250": 0.041916167664670656,
        "PtZ=250to400": 0,
        "PtZ=400to650": 0,
        "PtZ=650toInf": 0
    },
    "NJets=1": {
        "PtZ=0": 0,
        "PtZ=0to50": 0.09388613454658509,
        "PtZ=50to100": 0.0701080561364962,
        "PtZ=100to250": 0.03691900525331183,
        "PtZ=250to400": 0.0054609489563689885,
        "PtZ=400to650": 0.004489120300042953,
        "PtZ=650toInf": 0.00038225274283108454
    },
    "NJets=2": {
        "PtZ=0": 0,
        "PtZ=0to50": 0.09961213433730055,
        "PtZ=50to100": 0.07423335499294605,
        "PtZ=100to250": 0.038806724964048765,
        "PtZ=250to400": 0.0057113891327255206,
        "PtZ=400to650": 0.004788473460313389,
        "PtZ=650toInf": 0.0003795251801805187
    }
}