{
    "NJets=0": {
        "HT=0": 1.0,
        "HT=0to70": 0,
        "HT=70to100": 0,
        "HT=100to200": 0,
        "HT=200to400": 0,
        "HT=400to600": 0,
        "HT=600to800": 0,
        "HT=800to1200": 0,
        "HT=1200to2500": 0,
        "HT=2500toInf": 0
    },
    "NJets=1": {
        "HT=0": 0,
        "HT=0to70": 0.2468559520773548,
        "HT=70to100": 0.0709580183393235,
        "HT=100to200": 0.06899591786876767,
        "HT=200to400": 0.026555565491177952,
        "HT=400to600": 0.01712514529252228,
        "HT=600to800": 0.0053586150041220115,
        "HT=800to1200": 0.004856988667026443,
        "HT=1200to2500": 0.004962779156327543,
        "HT=2500toInf": 0
    },
    "NJets=2": {
        "HT=0": 0,
        "HT=0to70": 0.14618407331167266,
        "HT=70to100": 0.058016681957246526,
        "HT=100to200": 0.056960383632086706,
        "HT=200to400": 0.02692623074145402,
        "HT=400to600": 0.025658162986502562,
        "HT=600to800": 0.006983598154792415,
        "HT=800to1200": 0.00314310433573173,
        "HT=1200to2500": 0.0006008274251969855,
        "HT=2500toInf": 8.087343307723413e-05
    },
    "NJets=3": {
        "HT=0": 0,
        "HT=0to70": 0.06624831662098644,
        "HT=70to100": 0.039746828434799666,
        "HT=100to200": 0.03943738438353478,
        "HT=200to400": 0.02282778407090397,
        "HT=400to600": 0.022484842640320288,
        "HT=600to800": 0.006704729697190221,
        "HT=800to1200": 0.0034373667971484326,
        "HT=1200to2500": 0.0007210643840714552,
        "HT=2500toInf": 5.076786394212464e-05
    },
    "NJets=4": {
        "HT=0": 0,
        "HT=0to70": 0.10712863401035444,
        "HT=70to100": 0.048695775726312215,
        "HT=100to200": 0.05104957042450673,
        "HT=200to400": 0.02593485019295237,
        "HT=400to600": 0.025123682535060744,
        "HT=600to800": 0.00672585717837357,
        "HT=800to1200": 0.0032392491092471005,
        "HT=1200to2500": 0.0006771576255264928,
        "HT=2500toInf": 1.671808745079563e-05
    }
}